{"cameraMode":{"drawMode":0,"name":"Shaded","section":"Shading Mode"},"sceneLighting":true,"audioPlay":false,"sceneViewState":{"m_AlwaysRefresh":false,"showFog":true,"showSkybox":true,"showFlares":true,"showImageEffects":true,"showParticleSystems":true,"showVisualEffectGraphs":true,"m_FxEnabled":true},"in2DMode":false,"pivot":{"x":-21.145511627197267,"y":28.162763595581056,"z":7.642378330230713},"rotation":{"x":-0.17603540420532227,"y":-0.8085546493530273,"z":0.29899463057518008,"w":-0.47538310289382937},"size":3.728330612182617,"orthographic":false}